"JURISDICTION","Sum(COUNT)","JURISDICTION (Right)","GENDER","YEAR","16-19","20-24","25-29","30-39","40-49","50-59","60-69","70-79","80+","Total","Drug_Test_Per_10k_Licences"
"TAS",28493,"TAS","Female",2010,10868,14173,13896,29298,34329,33810,25718,12968,4177,179237,1589.6829337692552
"TAS",28493,"TAS","Female",2012,10387,13810,13503,27942,33654,34944,27806,14122,4702,180870,1575.3303477635873
"TAS",28493,"TAS","Female",2013,10155,13471,13435,27297,33087,35005,28883,14701,4997,181031,1573.9293270213388
"TAS",28493,"TAS","Female",2011,10662,14148,13968,28851,34283,34699,26903,13534,4400,181448,1570.312155548697
"TAS",28493,"TAS","Female",2014,10134,13254,13192,27046,32439,35187,29763,15516,5352,181883,1566.5565225996934
"TAS",28493,"TAS","Male",2010,11033,14365,13728,28504,33986,34185,27704,14952,5597,184054,1548.0782813739447
"TAS",28493,"TAS","Male",2013,10540,13751,13319,26705,32217,34626,30413,16462,6231,184264,1546.3139842834196
"TAS",28493,"TAS","Male",2014,10218,13679,13110,26354,31570,34893,30710,17322,6492,184348,1545.609390934537
"TAS",28493,"TAS","Female",2015,10177,13468,13033,27207,32301,35147,30694,16609,5784,184420,1545.005964645917
"TAS",28493,"TAS","Male",2012,10752,13844,13600,27026,33010,34642,29645,15892,6078,184489,1544.4281230859292
"TAS",28493,"TAS","Male",2011,10885,14344,13971,28105,33870,34707,28764,15373,5829,185848,1533.1346046231329
"TAS",28493,"TAS","Male",2015,10184,13740,13111,26406,31118,34930,31396,18170,6821,185876,1532.9036562009082
"TAS",28493,"TAS","Female",2016,10296,13538,13417,27926,32355,35334,31707,17865,6553,188991,1507.6379298485112
"TAS",28493,"TAS","Female",2017,10246,13508,13554,27943,31580,35167,32003,19185,6796,189982,1499.7736627680517
"TAS",28493,"TAS","Male",2017,10191,13863,13553,27090,30718,34492,32258,20518,7550,190233,1497.7948095230586
"TAS",28493,"TAS","Male",2016,10280,14010,13580,27055,31342,34949,32490,19216,7392,190314,1497.1573294660404
"TAS",28493,"TAS","Female",2018,10306,13713,14023,28905,31638,35113,32727,20300,7155,193880,1469.6203837425212
"TAS",28493,"TAS","Male",2018,10265,13930,14323,28285,30537,34326,32754,21605,7868,193893,1469.521849679978
"TAS",28493,"TAS","Female",2019,9975,14189,14701,30368,31531,35328,33503,21660,7524,198779,1433.4009125712473
"TAS",28493,"TAS","Male",2019,10055,14250,15620,30256,30501,34579,33497,22612,8303,199673,1426.9831173969442
"TAS",28493,"TAS","Female",2020,9819,14149,15447,31574,31267,35102,33932,22857,8259,202406,1407.7151863087063
"TAS",28493,"TAS","Male",2020,9826,14324,16658,32057,30423,34440,33862,23595,8846,204031,1396.5034725115302
"TAS",28493,"TAS","Female",2021,9993,14367,16582,33028,31026,35064,34632,23856,8881,207429,1373.626638512455
"TAS",28493,"TAS","Male",2021,9935,14601,17941,33970,30072,34364,34271,24392,9288,208834,1364.3851097043585
"TAS",28493,"TAS","Female",2022,10278,14438,17174,34448,31099,34918,35207,24733,9271,211566,1346.7664936710057
"TAS",28493,"TAS","Male",2022,10375,14484,18474,35199,29991,34063,34573,25243,9708,212110,1343.3124322285605
"TAS",28493,"TAS","Male",2023,10818,14069,17528,35912,30180,33618,34835,26048,10056,213064,1337.297713363121
"TAS",28493,"TAS","Female",2023,10716,13911,16849,35287,31099,34792,35429,25783,9598,213464,1334.7918150133041
"TAS",28493,"TAS","Male",2024,11443,13966,16758,36273,30348,33286,35220,26386,10674,214354,1329.2497457476884
"TAS",28493,"TAS","Female",2024,11124,13727,16546,35892,31313,34398,35759,26604,10148,215511,1322.1134884066244
"SA",67512,"SA","Female",2010,32569,44088,45925,94811,106125,99565,72861,35314,13708,544966,1238.8295783590168
"SA",67512,"SA","Female",2011,32434,44430,46939,93918,106017,100558,76144,35929,13967,550336,1226.7414815676243
"SA",67512,"SA","Female",2012,31889,44671,47536,93976,106366,101726,79185,37841,14355,557545,1210.8798392954827
"SA",67512,"SA","Female",2013,31954,46009,48541,95431,107309,103706,83256,40661,15605,572472,1179.306586173647
"SA",67512,"SA","Female",2014,31678,46325,48299,96716,106450,105093,86145,43074,16024,579804,1164.3934846948277
"SA",67512,"SA","Male",2010,34346,46014,48384,98330,110336,103646,81359,44366,19173,585954,1152.1723548264881
"SA",67512,"SA","Female",2015,31371,46291,48317,97818,105528,105761,88307,46172,16640,586205,1151.6790201380063
"SA",67512,"SA","Male",2011,34226,46758,49351,97669,109910,104526,83383,43750,18804,588377,1147.427584694847
"SA",67512,"SA","Male",2012,33645,46873,49942,97933,110053,105571,85726,45382,19151,594276,1136.0378006178948
"SA",67512,"SA","Female",2016,31549,46375,48661,99912,104744,106189,90633,53095,18525,594494,1135.6212173714116
"SA",67512,"SA","Female",2017,31148,46240,48904,101757,104362,106258,91336,53553,18079,601637,1122.1384323105128
"SA",67512,"SA","Female",2018,31349,46227,49162,103653,103787,106447,92746,57113,18990,609474,1107.7092706169583
"SA",67512,"SA","Male",2013,33392,47885,50952,99905,110905,108033,89528,48624,21596,610820,1105.2683278216168
"SA",67512,"SA","Female",2019,30759,46154,49501,105290,102865,106453,94562,60292,20047,615923,1096.1110398540077
"SA",67512,"SA","Male",2014,33024,47960,50782,101102,110017,109529,91649,50632,22055,616750,1094.6412646939602
"SA",67512,"SA","Male",2015,32110,48110,50344,101727,108989,109747,93284,52953,22639,619903,1089.073613129796
"SA",67512,"SA","Female",2020,29946,45879,49619,107025,102413,106597,96386,63688,42909,622733,1084.1243357907804
"SA",67512,"SA","Male",2016,32284,48076,50361,102775,107821,109985,94959,58629,24429,624838,1080.4720583575263
"SA",67512,"SA","Male",2017,31867,48385,50659,104167,107194,109884,94955,59126,24003,630240,1071.2109672505712
"SA",67512,"SA","Female",2021,31309,46466,50901,109473,102223,107099,98093,66837,22382,634783,1063.544549869798
"SA",67512,"SA","Male",2018,32129,48498,51190,105486,106255,109658,95992,62248,24787,636243,1061.1040121463027
"SA",67512,"SA","Male",2019,31721,48958,51754,107314,105260,109442,97146,64868,25830,642293,1051.1090732734126
"SA",67512,"SA","Male",2020,30830,48798,52952,109157,104653,109448,98067,67837,27012,648760,1040.6313582834948
"WA",76921,"WA","Female",2010,22405,63305,70869,147316,153888,135206,91493,45146,13315,742943,1035.3553368158796
"SA",67512,"SA","Female",2022,32745,46759,52736,113528,103356,108017,100462,71213,23862,652678,1034.3844897483905
"SA",67512,"SA","Female",2023,33561,46553,53110,114417,104409,107775,101056,72611,24577,658069,1025.9106567852307
"SA",67512,"SA","Male",2021,32543,48923,54521,111365,104117,109452,99868,70735,27578,659102,1024.302763456946
"WA",76921,"WA","Female",2011,21329,64067,73131,148221,156939,138723,96481,47350,14367,760608,1011.3093735537885
"SA",67512,"SA","Female",2024,34850,46684,53321,116317,106635,107250,102475,75182,26271,668985,1009.1706092064845
"SA",67512,"SA","Male",2022,33756,49683,57264,115418,105263,109711,101978,73958,28705,675736,999.0884013875241
"WA",76921,"WA","Female",2012,20359,63475,74314,149324,158874,141849,100898,49970,15497,774560,993.092852716381
"SA",67512,"SA","Male",2023,34593,49999,57749,116660,105887,109383,102634,74938,29354,681197,991.0789389853448
"NT",5879,"NT","Female",2010,3162,5458,7235,14042,12754,10291,5038,1304,289,59573,986.856461819952
"NT",5879,"NT","Female",2011,3142,5426,7318,13817,12830,10429,5348,1435,319,60064,978.7892914224827
"SA",67512,"SA","Male",2024,36089,50731,58456,119092,108281,108698,103999,76692,30637,692675,974.6562240589021
"NT",5879,"NT","Female",2012,3182,5736,7573,14396,13076,10863,5686,1609,343,62464,941.1821209016393
"WA",76921,"WA","Male",2010,26147,69621,79860,159425,165955,143835,103801,53491,19263,821398,936.4644179800778
"WA",76921,"WA","Male",2011,25372,71201,83785,161487,169921,147485,108605,54906,20377,843139,912.3169489253847
"WA",76921,"WA","Male",2012,23276,67623,82865,161301,170909,150066,112263,57264,21148,846715,908.4638869040941
"NT",5879,"NT","Female",2013,3099,6167,8068,15256,13404,11352,6091,1791,374,65602,896.1617023871224
"WA",76921,"WA","Female",2013,48061,76945,86950,165115,167363,148392,106604,52908,16543,868881,885.2880889327768
"NT",5879,"NT","Female",2014,3113,6225,8316,15754,13526,11499,6441,1966,405,67245,874.2657446650308
"NT",5879,"NT","Female",2015,2990,6222,8441,16224,13459,11606,6617,2087,443,68089,863.4287476684926
"WA",76921,"WA","Female",2014,48568,76540,89673,170626,168921,151556,111103,56610,17454,891051,863.2614743712762
"WA",76921,"WA","Female",2015,49363,75915,90519,175835,170041,153390,115420,59960,19074,909517,845.7346041910156
"NT",5879,"NT","Female",2016,3134,6178,8561,16901,13712,11611,6880,2265,455,69697,843.5083289094223
"WA",76921,"WA","Female",2016,51467,74832,89957,180718,170694,154639,120115,63445,20717,926584,830.1567909655249
"NT",5879,"NT","Female",2017,3269,6156,8749,17400,13718,11619,7080,2464,505,70960,828.4949267192784
"WA",76921,"WA","Female",2017,50433,73973,88039,183798,170874,155583,122010,69229,22557,936496,821.3702994994105
"NT",5879,"NT","Female",2018,3416,6190,8641,17629,13762,11686,7324,2698,570,71916,817.4815062016797
"NT",5879,"NT","Female",2019,3321,6054,8568,17729,13688,11735,7521,2953,644,72213,814.1193413928239
"WA",76921,"WA","Female",2018,51078,73055,85745,186694,170742,156826,125054,74008,24701,947903,811.4859853803606
"NT",5879,"NT","Male",2011,3539,6936,8291,15360,15090,13001,7908,2348,498,72971,805.6625234682272
"NT",5879,"NT","Male",2010,3535,7034,8187,15715,15307,12974,7587,2179,470,72988,805.4748725817942
"NT",5879,"NT","Female",2020,3358,5887,8652,18185,13641,11689,7768,3221,767,73168,803.4933304176689
"WA",76921,"WA","Female",2019,50694,73639,83720,188835,171039,158363,128212,78417,26134,959053,802.0516071583114
"NT",5879,"NT","Female",2022,3205,5771,8461,18473,13703,11789,8077,3722,989,74190,792.4248551017657
"WA",76921,"WA","Female",2020,50726,73715,82436,191497,171611,160008,131227,82382,27614,971216,792.0071333256453
"NT",5879,"NT","Female",2021,3336,5918,8682,18546,13689,11853,7962,3489,858,74333,790.9004076251464
"TAS",28493,"TAS","Persons",2010,21901,28538,27624,57802,68315,67995,53422,27920,9774,363291,784.3023911960383
"WA",76921,"WA","Male",2013,54003,88861,105891,189318,185562,159528,118455,59960,22017,983595,782.0393556290952
"WA",76921,"WA","Female",2021,50624,74226,81951,193913,172304,162523,134403,86407,28789,985140,780.8128793877013
"TAS",28493,"TAS","Persons",2013,20695,27222,26754,54002,65304,69631,59296,31163,11228,365295,779.9997262486484
"NT",5879,"NT","Female",2023,3810,6075,8856,18533,13659,11709,7928,3794,1012,75376,779.9564848227552
"TAS",28493,"TAS","Persons",2012,21139,27654,27103,54968,66664,69586,57451,30014,10780,365359,779.8630935600327
"TAS",28493,"TAS","Persons",2014,20352,26933,26302,53400,64009,70080,60473,32838,11844,366231,778.006231039972
"NT",5879,"NT","Male",2012,3589,7302,8861,15834,15233,13344,8350,2555,545,75613,777.5118035258487
"QLD",118070,"QLD","Female",2010,93039,132299,142416,293772,298476,260418,187206,85623,26205,1519454,777.0554422838729
"TAS",28493,"TAS","Persons",2011,21547,28492,27939,56956,68153,69406,55667,28907,10229,367296,775.7503484927687
"NT",5879,"NT","Female",2024,3905,6276,8668,18725,13873,11669,8042,4009,1155,76322,770.289038547208
"TAS",28493,"TAS","Persons",2015,20361,27208,26144,53613,63419,70077,62090,34779,12605,370296,769.4655086741417
"WA",76921,"WA","Male",2014,53844,87495,107406,196557,186580,163213,122091,63622,22798,1003606,766.4461950207552
"WA",76921,"WA","Female",2022,52783,74913,83315,196843,174655,165218,137822,90664,30913,1007126,763.7673935535374
"WA",76921,"WA","Male",2015,54020,85742,106516,202036,186857,165769,125157,66840,24169,1017106,756.273190798206
"QLD",118070,"QLD","Female",2011,94553,135325,147302,298109,307090,269114,197947,90744,28734,1568918,752.5568576560407
"TAS",28493,"TAS","Persons",2016,20576,27548,26997,54981,63697,70283,64197,37081,13945,379305,751.1896758545233
"WA",76921,"WA","Male",2016,54480,84210,103549,205156,186880,166427,128992,70265,25611,1025570,750.0316896945114
"TAS",28493,"TAS","Persons",2017,20437,27371,27107,55033,62298,69659,64261,39703,14346,380215,749.3917914863958
"WA",76921,"WA","Male",2017,54046,82745,98749,205755,185375,167092,129856,75885,27395,1026898,749.0617373877445
"WA",76921,"WA","Male",2018,54003,81939,94344,204256,183906,167689,131895,80925,29391,1028348,748.0055389809676
"WA",76921,"WA","Female",2023,54952,75635,85171,199874,178814,166679,141265,95851,32912,1031153,745.9707725235731
"WA",76921,"WA","Male",2019,53317,81905,92528,204584,182441,169283,134024,84926,30319,1033327,744.4013366533536
"WA",76921,"WA","Male",2020,53654,81921,91612,205920,182520,170731,135994,88180,31588,1042120,738.1203700149695
"QLD",118070,"QLD","Female",2012,93614,136149,148254,298259,311710,277259,207584,97747,31292,1601868,737.0769626461107
"TAS",28493,"TAS","Persons",2018,20571,27643,28346,57190,62175,69439,65481,41905,15023,387773,734.785557529792
"QLD",118070,"QLD","Male",2010,96949,135188,148533,300453,305891,271547,209880,105119,39327,1612887,732.0413643361252
"WA",76921,"WA","Male",2021,53756,81603,91044,206549,182844,173041,138273,91469,32563,1051142,731.7850490228723
"NT",5879,"NT","Male",2013,3522,7840,9702,17425,15896,14109,8913,2822,573,80802,727.5810004702854
"WA",76921,"WA","Female",2024,57556,76794,88325,203799,184036,168215,144306,100174,35216,1058421,726.7523981478071
"QLD",118070,"QLD","Female",2013,95254,139032,149712,302964,316032,284082,216522,103355,33517,1640470,719.7327595140416
"WA",76921,"WA","Male",2022,56633,82338,92360,207860,185381,175477,141524,94775,34789,1071137,718.1247590177541
"QLD",118070,"QLD","Female",2014,95689,138142,146726,301129,314733,286496,221341,109817,35750,1649823,715.6525275741701
"NSW",165585,"NSW","Female",2010,136254,186532,208155,457993,456544,400051,283479,139556,46758,2315322,715.1705032820489
"TAS",28493,"TAS","Persons",2019,20030,28439,30321,60624,62032,69907,67000,44272,15827,398452,715.0924076174796
"QLD",118070,"QLD","Male",2011,98754,140007,155769,308402,316609,280258,219737,110136,42349,1672021,706.1514179546788
"NT",5879,"NT","Male",2014,3482,7892,10322,18168,16196,14442,9243,3054,609,83408,704.848455783618
"QLD",118070,"QLD","Female",2015,96770,139252,147566,305423,317081,290502,228135,117610,36010,1678350,703.4885452974647
"TAS",28493,"TAS","Persons",2020,19645,28473,32105,63631,61690,69542,67794,46452,17105,406437,701.0434581497256
"NSW",165585,"NSW","Female",2011,137008,193069,212912,460906,463234,410543,296446,144943,50676,2369737,698.7484265131532
"WA",76921,"WA","Male",2023,59128,84333,97458,212316,190089,177272,145202,98921,36385,1101104,698.5806971911827
"NT",5879,"NT","Male",2015,3448,7508,10476,18668,16306,14486,9482,3172,633,84179,698.3927107710949
"QLD",118070,"QLD","Male",2012,97569,139312,155589,308626,320873,286986,228101,116553,45527,1699136,694.8825756149007
"NT",5879,"NT","Male",2020,3508,6976,9351,19440,15515,14241,9990,4630,1012,84663,694.40015118765
"NT",5879,"NT","Male",2016,3488,7493,10165,19147,16298,14489,9588,3389,651,84708,694.0312603296028
"NT",5879,"NT","Male",2022,3641,6850,9096,19455,14989,14156,10296,5111,1279,84873,692.6820072343385
"NT",5879,"NT","Male",2021,3564,7002,9145,19511,15181,14272,10160,4907,1133,84875,692.6656848306333
"NT",5879,"NT","Male",2018,3599,7424,9588,19634,16162,14417,9803,4000,753,85380,688.5687514640431
"NT",5879,"NT","Male",2019,3599,7424,9588,19634,16162,14417,9803,4000,753,85380,688.5687514640431
"NT",5879,"NT","Male",2017,3611,7599,9889,19484,16225,14557,9653,3688,678,85384,688.5364939567132
"QLD",118070,"QLD","Female",2016,97836,140690,150590,313026,321161,294677,235607,125489,38133,1717209,687.5691893066016
"NSW",165585,"NSW","Female",2012,137689,197443,215084,461701,469189,421116,309668,152765,53743,2418398,684.6887898517945
"TAS",28493,"TAS","Persons",2021,19928,28968,34523,66998,61098,69428,68903,48248,18169,416263,684.4951388905572
"NT",5879,"NT","Male",2023,4264,7319,9482,19372,15033,13934,10164,5117,1293,85978,683.7795715182954
"QLD",118070,"QLD","Male",2013,97514,142117,157590,313499,325075,293339,236053,121277,47890,1734354,680.7722068274412
"QLD",118070,"QLD","Male",2014,96958,141315,153301,309645,322040,295354,238600,127248,49987,1734448,680.7353117533647
"WA",76921,"WA","Male",2024,61989,87529,103228,219322,196131,178487,148841,102238,38630,1136395,676.8861179431447
"NT",5879,"NT","Male",2024,4420,7656,9592,19347,15188,13783,10291,5362,1446,87085,675.0875581328587
"QLD",118070,"QLD","Male",2015,97176,142628,152981,312395,323433,298649,243220,134572,48767,1753821,673.2157956826837
"NSW",165585,"NSW","Female",2013,139198,198294,214947,465003,472387,430366,323208,160449,56239,2460091,673.0848574300708
"TAS",28493,"TAS","Persons",2022,20653,28922,35648,69647,61090,68981,69780,49976,18979,423676,672.5186227211359
"QLD",118070,"QLD","Female",2017,99089,141822,154123,320237,324548,298939,239644,137096,41275,1756773,672.0845550335757
"NSW",165585,"NSW","Male",2010,144248,191066,210538,461910,472941,427968,325847,174314,67336,2476168,668.7147237182614
"TAS",28493,"TAS","Persons",2023,21534,27980,34377,71199,61279,68410,70264,51831,19654,426528,668.0217945832395
"TAS",28493,"TAS","Persons",2024,22567,27693,33304,72165,61661,67684,70979,52990,20822,429865,662.8360066532515
"NSW",165585,"NSW","Female",2014,140367,199350,216933,471747,475479,438574,333489,170423,58377,2504739,661.0868437789326
"QLD",118070,"QLD","Male",2016,98832,144309,155570,318931,326575,301972,249033,141965,51310,1788497,660.1632543974074
"QLD",118070,"QLD","Female",2018,103497,143387,156619,326865,327863,302313,245796,146916,44124,1797380,656.9005997618756
"NSW",165585,"NSW","Male",2011,144838,197014,214158,465444,477713,436375,337695,179275,71439,2523951,656.0547332337276
"NSW",165585,"NSW","Female",2015,141662,201665,221972,481869,481264,444563,343801,180209,60713,2557718,647.3934968593098
"QLD",118070,"QLD","Male",2017,100398,146206,158194,325190,329186,305666,251404,153264,54555,1824063,647.291239392499
"NSW",165585,"NSW","Male",2012,144815,201827,215802,466699,481561,446717,348551,186071,74532,2566575,645.1594050436867
"QLD",118070,"QLD","Female",2019,101761,143845,158279,334045,329934,306705,252434,156322,47429,1830754,644.9255334141016
"NSW",165585,"NSW","Male",2013,144415,202781,215411,470168,482750,455140,360292,192797,76917,2600671,636.7010667631545
"NSW",165585,"NSW","Female",2016,143365,201936,226743,491897,485894,447972,354081,189642,64035,2605565,635.5051591497429
"QLD",118070,"QLD","Male",2018,105133,147522,160839,331231,330664,309335,255419,162698,57422,1860263,634.6952016999746
"QLD",118070,"QLD","Female",2020,103730,145962,160716,343548,333499,312503,258884,165880,50135,1874857,629.754695958145
"NSW",165585,"NSW","Male",2014,144666,202942,217932,476857,483801,462110,368163,202195,78991,2637657,627.7730576795998
"QLD",118070,"QLD","Male",2019,103082,147215,163417,337367,332002,313025,260210,171489,61205,1889012,625.0357329651691
"NSW",165585,"NSW","Female",2017,144158,203730,231063,504518,489871,450863,360249,205145,67670,2657267,623.1402414586114
"NSW",165585,"NSW","Male",2015,145142,205116,223392,488552,489526,467314,376425,211174,81355,2687996,616.0165416912823
"QLD",118070,"QLD","Female",2021,106317,149224,163078,352118,335323,319486,267152,175838,53602,1922138,614.2639082105447
"NSW",165585,"NSW","Female",2018,146703,204585,233564,515560,493287,452663,368437,217945,71186,2703930,612.3864153287992
"QLD",118070,"QLD","Male",2020,105052,149992,166612,346485,336029,318393,265968,179843,63166,1931540,611.2739057953758
"NSW",165585,"NSW","Male",2016,146098,206049,228090,500233,492494,469627,384945,220383,84385,2732304,606.0270013878397
"NSW",165585,"NSW","Female",2019,146100,204934,235004,525714,494383,455762,376230,228831,74841,2741799,603.9282967132164
"QLD",118070,"QLD","Male",2021,108028,151715,167404,350958,336241,324349,272581,188482,67089,1966847,600.3008876643684
"QLD",118070,"QLD","Female",2022,109166,151169,164543,359620,339284,325990,275631,184690,58156,1968249,599.8732883898327
"NSW",165585,"NSW","Female",2020,145362,205146,234777,532347,495704,457434,380069,234621,76223,2761683,599.5800386937965
"SA",67512,"SA","Persons",2010,66915,90102,94309,193141,216461,203211,154220,79680,32881,1130920,596.9653025855056
"NSW",165585,"NSW","Male",2017,147304,207878,233721,513477,496518,471420,388287,235740,87983,2782328,595.1311276024969
"SA",67512,"SA","Persons",2011,66660,91188,96290,191587,215927,205084,159527,79679,32771,1138713,592.8798564695406
"QLD",118070,"QLD","Male",2022,110829,153158,167736,355424,339782,330142,279798,196401,71618,2004888,588.9107022437164
"QLD",118070,"QLD","Female",2023,113803,152270,165806,363897,344430,330442,283022,192974,62117,2008761,587.7752505151185
"SA",67512,"SA","Persons",2012,65534,91544,97478,191909,216419,207297,164911,83223,33506,1151821,586.1327411116832
"NSW",165585,"NSW","Male",2018,149144,209002,237852,524602,500347,471429,393167,248106,91469,2825118,586.1171108605022
"NSW",165585,"NSW","Female",2021,148692,209726,237919,547953,500041,463169,392804,250226,81753,2832283,584.6343744604617
"NSW",165585,"NSW","Male",2019,149146,211456,241483,534957,503105,472224,398954,258102,94788,2864215,578.1165170910704
"QLD",118070,"QLD","Male",2023,116554,155177,168903,359210,343798,333972,286412,203708,75228,2042962,577.9353703103632
"NSW",165585,"NSW","Male",2020,149594,212151,243677,541750,505083,473756,401424,262687,96367,2886489,573.6553993450174
"QLD",118070,"QLD","Female",2024,119327,154612,169238,371114,352831,334893,289638,199721,67426,2058800,573.4894113075578
"SA",67512,"SA","Persons",2013,65346,93894,99493,195336,218214,211739,172784,89285,37201,1183292,570.5438725183641
"NSW",165585,"NSW","Female",2022,150262,210957,238305,553612,505578,470636,405012,270862,103237,2908461,569.3217134422638
"SA",67512,"SA","Persons",2014,64702,94285,99081,197818,216467,214622,177794,93706,38079,1196554,564.2202524917387
"QLD",118070,"QLD","Male",2024,123238,159803,173322,368228,351290,337954,292834,208696,80785,2096150,563.2707582949694
"NSW",165585,"NSW","Male",2021,153123,216686,245600,551680,510624,476125,410908,276285,102390,2943421,562.5596881995474
"NSW",165585,"NSW","Female",2023,155276,212868,240555,558605,512166,473053,411616,279774,108246,2952159,560.8945859623415
"SA",67512,"SA","Persons",2015,63501,94408,98674,199566,214527,215517,181594,99128,39279,1206194,559.7109586020159
"SA",67512,"SA","Persons",2016,63880,94469,99045,202725,212583,216185,185595,111705,42980,1219494,553.6066598113644
"NSW",165585,"NSW","Female",2024,161512,215936,245605,564586,521052,476210,419205,288559,116577,3009242,550.2548482308835
"SA",67512,"SA","Persons",2017,63081,94658,99593,205973,211581,216155,186297,112684,42084,1232106,547.9398688099888
"NSW",165585,"NSW","Male",2022,157645,221653,250350,562177,520646,484585,425643,298886,129966,3051551,542.6257008321342
"SA",67512,"SA","Persons",2018,63558,94773,100387,209205,210073,216126,188749,119367,43777,1246015,541.8233327849183
"SA",67512,"SA","Persons",2019,62480,95112,101255,212604,208125,215895,191708,125142,45895,1258216,536.5692377143512
"NSW",165585,"NSW","Male",2023,165089,227016,254410,567796,527996,484962,430051,302444,128234,3087998,536.2212022158046
"SA",67512,"SA","Persons",2020,60856,94767,102635,216290,207130,216078,194470,131497,48225,1271958,530.7722424797045
"NSW",165585,"NSW","Male",2024,172182,236109,263885,577743,538377,486454,437167,309618,135449,3156984,524.50376688637
"SA",67512,"SA","Persons",2021,63947,95510,105500,220974,206416,216602,197985,137584,49961,1294479,521.5380087278356
"VIC",101075,"VIC","Female",2010,107699,167949,185030,383814,379942,323517,225482,113917,53530,1940880,520.7689295577264
"VIC",101075,"VIC","Female",2011,107718,170829,189697,383649,386840,330975,237310,118398,57282,1982698,509.78515134427937
"SA",67512,"SA","Persons",2022,66620,96567,110117,229102,208717,217782,202478,145187,52569,1329139,507.9378454774106
"SA",67512,"SA","Persons",2023,68290,96690,110983,231247,210402,217217,203731,147564,53936,1340060,503.7983373878781
"VIC",101075,"VIC","Female",2012,106561,172828,193490,387392,393330,338903,247450,124303,57363,2021620,499.9703208318081
"VIC",101075,"VIC","Male",2010,114885,174814,192335,385617,382897,330759,247722,139757,68651,2037437,496.08895882424827
"SA",67512,"SA","Persons",2024,71092,97551,111917,235620,215033,216015,206514,151892,56914,1362548,495.48346186703145
"WA",76921,"WA","Persons",2010,48556,132960,150778,306966,320360,279629,195751,98845,32620,1566465,491.04831579384154
"VIC",101075,"VIC","Female",2013,105888,173604,197944,397253,399368,347912,260558,130354,59060,2071941,487.82759740745513
"VIC",101075,"VIC","Male",2011,115106,177714,198189,388550,388434,337924,256308,143596,72059,2077880,486.4332877740774
"WA",76921,"WA","Persons",2011,46703,135289,156966,309917,327335,286781,205556,102466,34780,1605793,479.02189136457815
"VIC",101075,"VIC","Female",2014,105605,174835,201073,406378,403234,354991,269879,138019,59905,2113919,478.14036394015096
"VIC",101075,"VIC","Male",2012,113479,179156,203208,394661,393913,345262,264146,148396,71881,2114102,478.0989753569128
"WA",76921,"WA","Persons",2012,43637,131116,157227,310812,330205,292454,213651,107443,36681,1623226,473.87732823402285
"VIC",101075,"VIC","Female",2015,105444,175998,204668,416987,407574,360248,278850,145692,57662,2153123,469.43439831351947
"VIC",101075,"VIC","Male",2013,112710,178658,207022,406988,398659,353550,273778,152996,71926,2156287,468.74557978599324
"VIC",101075,"VIC","Male",2014,112017,181058,209702,418036,402445,360467,281094,158908,73038,2196765,460.10838665036994
"VIC",101075,"VIC","Female",2016,106409,176253,208208,429888,411209,365510,288206,153949,60292,2199924,459.4476900111095
"VIC",101075,"VIC","Male",2015,111681,182835,212747,428943,405740,365539,287633,165404,70952,2231474,452.9517260788161
"VIC",101075,"VIC","Female",2017,106698,177817,210174,442985,415074,369933,293085,167705,64190,2247661,449.68969964776716
"VIC",101075,"VIC","Male",2016,111752,184757,214877,441997,410495,369749,295237,172191,73464,2274519,444.37966884426993
"NT",5879,"NT","Persons",2010,6697,12492,15422,29757,28061,23265,12625,3483,759,132561,443.4939386395697
"NT",5879,"NT","Persons",2011,6681,12362,15609,29177,27920,23430,13256,3783,817,133035,441.9137820874206
"VIC",101075,"VIC","Female",2018,110685,178003,213601,457716,418024,375126,299887,179866,67164,2300072,439.44276526995674
"VIC",101075,"VIC","Male",2017,110497,186760,216278,454953,415174,374355,298172,184444,77224,2317857,436.0709051507491
"VIC",101075,"VIC","Female",2019,109241,178175,214472,470735,419785,380880,307496,190383,71172,2342339,431.5131157360228
"VIC",101075,"VIC","Male",2018,112020,188154,219936,468452,419336,379272,303778,194644,79943,2365535,427.2817776951091
"VIC",101075,"VIC","Female",2020,97458,176787,214527,481499,422502,386455,314291,201972,76280,2371771,426.1583432801902
"NT",5879,"NT","Persons",2012,6771,13038,16434,30230,28309,24207,14036,4164,888,138077,425.7769215727456
"VIC",101075,"VIC","Male",2019,110770,189177,224866,479303,421416,383771,310371,202936,83388,2405998,420.09594355440026
"VIC",101075,"VIC","Female",2021,107233,176642,214329,489905,421746,392372,320572,212668,81088,2416555,418.2607058395112
"VIC",101075,"VIC","Male",2020,99508,188118,229330,488718,425183,388781,316522,211499,88021,2435680,414.97651579846286
"WA",76921,"WA","Persons",2013,102065,165828,192910,354616,353343,308463,225529,113088,38604,1854446,414.7923422952192
"VIC",101075,"VIC","Female",2022,112344,177820,215658,496783,426091,397689,327570,221344,86907,2462206,410.50586344115806
"VIC",101075,"VIC","Male",2021,109498,188715,233457,494662,426038,392087,322265,219101,92765,2478588,407.7926625966074
"WA",76921,"WA","Persons",2014,102413,164054,197154,367352,355874,315275,233679,120458,40301,1896560,405.58168473446665
"VIC",101075,"VIC","Male",2022,115317,186231,232080,496622,429850,394983,328066,225720,97761,2506630,403.23063236297344
"NT",5879,"NT","Persons",2013,6621,14007,17770,32681,29300,25461,15004,4613,947,146404,401.56006666484524
"VIC",101075,"VIC","Female",2023,119592,182273,220101,508797,435676,402315,334868,231179,92588,2527389,399.9186512246433
"WA",76921,"WA","Persons",2015,103386,161666,197094,378025,357228,319673,241032,127028,43298,1928430,398.87888074755114
"WA",76921,"WA","Persons",2016,104949,159057,193549,386029,357871,321531,249552,133959,46382,1952879,393.88513061997185
"VIC",101075,"VIC","Male",2023,123564,192647,237825,508596,440467,397781,335311,232879,101452,2570522,393.20807213476485
"WA",76921,"WA","Persons",2017,104482,156731,186824,389699,356505,323108,252302,145374,50006,1965031,391.44929520195865
"NT",5879,"NT","Persons",2014,6595,14117,18638,33922,29722,25941,15684,5020,1014,150653,390.234512422587
"WA",76921,"WA","Persons",2018,105084,155001,180116,391072,354869,324924,257347,155203,54159,1977775,388.92695074009936
"VIC",101075,"VIC","Female",2024,125595,189215,229200,524775,448121,407090,342488,239606,100045,2606135,387.8348589002489
"NT",5879,"NT","Persons",2015,6438,13730,18917,34892,29765,26092,16099,5259,1076,152268,386.095568340032
"WA",76921,"WA","Persons",2019,104011,155544,176248,393419,353480,327646,262236,163343,56453,1992380,386.0759493670886
"ACT",5432,"ACT","Female",2010,8543,13928,15520,28977,26512,23188,14971,6305,2780,140724,386.00380887410813
"WA",76921,"WA","Persons",2020,104380,155636,174048,397417,354131,330739,267221,170562,59202,2013336,382.0574409835219
"VIC",101075,"VIC","Male",2024,130337,203151,247229,528305,454469,401284,342694,239676,107128,2654273,380.80107057563407
"NT",5879,"NT","Persons",2016,6622,13671,18726,36048,30010,26100,16468,5654,1106,154405,380.75191865548396
"WA",76921,"WA","Persons",2021,104380,155829,172995,400462,355148,335564,272676,177876,61352,2036282,377.7521973871988
"ACT",5432,"ACT","Female",2011,8706,14072,15763,29561,26972,23532,15788,6636,3048,144078,377.0180041366482
"QLD",118070,"QLD","Persons",2010,189988,267487,290949,594225,604367,531965,397086,190742,65532,3132341,376.9385261694049
"NT",5879,"NT","Persons",2017,6880,13755,18638,36884,29943,26176,16733,6152,1183,156344,376.0297804840608
"NT",5879,"NT","Persons",2019,6880,13755,18638,36884,29943,26176,16733,6152,1183,156344,376.0297804840608
"NT",5879,"NT","Persons",2018,7015,13614,18229,37263,29924,26103,17127,6698,1323,157296,373.75394161326415
"NT",5879,"NT","Persons",2020,6866,12863,18003,37625,29156,25930,17758,7851,1779,157831,372.48702726333863
"ACT",5432,"ACT","Male",2010,9186,14594,15948,29876,26886,23056,16164,7203,3497,146410,371.0129089543064
"WA",76921,"WA","Persons",2022,109416,157251,175675,404703,360036,340695,279346,185439,65702,2078263,370.1215871138542
"NT",5879,"NT","Persons",2022,6846,12621,17557,37928,28692,25945,18373,8833,2268,159063,369.60198160477296
"NT",5879,"NT","Persons",2021,6900,12920,17827,38057,28870,26125,18122,8396,1991,159208,369.2653635495704
"ACT",5432,"ACT","Female",2012,8581,14401,16193,30372,27560,23826,16582,7125,3307,147947,367.15850946622777
"NT",5879,"NT","Persons",2023,8078,13394,18340,37906,28692,25643,18092,8911,2305,161361,364.3383469363725
"QLD",118070,"QLD","Persons",2011,193307,275332,303071,606511,623699,549372,417684,200880,71083,3240939,364.3079983918241
"ACT",5432,"ACT","Male",2011,9022,15067,16457,30452,27571,23405,16831,7442,3849,150096,361.90171623494297
"WA",76921,"WA","Persons",2023,114080,159968,182629,412190,368903,343951,286467,194772,69297,2132257,360.7491967431693
"ACT",5432,"ACT","Female",2013,8336,14421,16489,31080,28214,24003,17301,7562,3576,150982,359.777986779881
"NT",5879,"NT","Persons",2024,8329,13932,18262,38074,29062,25452,18333,9371,2601,163416,359.756694570911
"QLD",118070,"QLD","Persons",2012,191183,275461,303843,606885,632583,564245,435685,214300,76819,3301004,357.67905764428036
"ACT",5432,"ACT","Female",2015,8290,14442,16454,31843,28544,24384,17867,8078,3903,153805,353.1744741718409
"ACT",5432,"ACT","Male",2012,8887,15245,16913,31435,28147,23842,17383,7938,4104,153894,352.97022625963325
"ACT",5432,"ACT","Female",2014,8199,14419,16448,31843,29544,24387,17878,8082,3903,154703,351.1244125841128
"WA",76921,"WA","Persons",2024,119545,164323,191553,423121,380167,346702,293147,202412,73846,2194816,350.4667361637604
"QLD",118070,"QLD","Persons",2013,192768,281149,307302,616463,641107,577421,452575,224632,81407,3374824,349.8552813420789
"QLD",118070,"QLD","Persons",2014,192647,279457,300027,610774,636773,581850,459941,237065,85737,3384271,348.8786802238946
"ACT",5432,"ACT","Male",2013,8555,15397,17050,32390,28711,24059,17996,8294,4400,156852,346.3137224899906
"NSW",165585,"NSW","Persons",2010,280502,377598,418693,919903,929485,828019,609326,313870,114094,4791490,345.5814370895066
"QLD",118070,"QLD","Persons",2015,193946,281880,300547,617818,640514,589151,471355,252182,84777,3432171,344.0096661850473
"ACT",5432,"ACT","Male",2015,8515,15049,16864,33045,29036,24302,18360,8623,4668,158462,342.7951180724716
"ACT",5432,"ACT","Male",2014,8452,15182,17050,33306,29204,24416,18459,8749,4723,159541,340.47674265549296
"NSW",165585,"NSW","Persons",2011,281846,390083,427070,926350,940947,846918,634141,324218,122115,4893688,338.3644400705562
"ACT",5432,"ACT","Female",2017,8539,14033,16682,34616,29410,24852,18930,10211,3406,160679,338.06533523360235
"ACT",5432,"ACT","Female",2021,5716,12165,15705,35571,30277,25009,19310,13038,4317,161108,337.16513146460755
"QLD",118070,"QLD","Persons",2016,196668,284999,306160,631957,647736,596649,484640,267454,89443,3505706,336.79378704318043
"ACT",5432,"ACT","Female",2020,7247,12751,15851,35454,29926,24704,19225,12278,4043,161479,336.390490404325
"ACT",5432,"ACT","Female",2016,8575,13576,16365,34868,29879,25313,19455,10517,3868,162416,334.44980790069945
"ACT",5432,"ACT","Female",2019,8155,13431,16522,35837,29920,24765,19342,11577,3794,163343,332.5517469374262
"NSW",165585,"NSW","Persons",2012,282504,399270,430886,928400,950750,867833,658219,338836,128275,4984973,332.16829860462633
"ACT",5432,"ACT","Male",2017,8422,14520,16987,35443,30299,24750,18829,10474,4013,163737,331.7515283656107
"ACT",5432,"ACT","Female",2018,8310,13982,16995,35836,29972,24991,19191,10937,3591,163805,331.61380910228627
"QLD",118070,"QLD","Persons",2017,199487,288028,312317,645427,653734,604605,491048,290360,95830,3580836,329.7274714619715
"ACT",5432,"ACT","Male",2020,7535,13307,16829,36216,30724,24851,18643,12239,4531,164875,329.46171341925697
"ACT",5432,"ACT","Male",2021,5907,12758,17055,36723,31083,25259,18835,12773,4738,165131,328.9509540909944
"ACT",5432,"ACT","Male",2016,8646,14176,16798,35636,30792,25262,19353,10834,4462,165959,327.30975722919516
"NSW",165585,"NSW","Persons",2013,283613,401075,430358,935171,955137,885506,683500,353246,133156,5060762,327.19380994403605
"ACT",5432,"ACT","Male",2019,8306,14036,16973,36283,30900,24928,18797,11695,4271,166189,326.85677150713946
"ACT",5432,"ACT","Male",2018,8305,14484,17402,36441,30755,25077,18987,11099,4155,166705,325.8450556372034
"ACT",5432,"ACT","Female",2022,8504,12423,16475,36167,30686,25139,19318,13573,4794,167079,325.1156638476409
"ACT",5432,"ACT","Male",2022,8805,12949,17309,36683,31195,25080,18027,12360,5096,167504,324.2907632056548
"QLD",118070,"QLD","Persons",2018,208630,290909,317458,658096,658527,611648,501215,309614,101546,3657643,322.8035103480575
"NSW",165585,"NSW","Persons",2014,285033,402292,434865,948604,959280,900684,701652,372618,137368,5142396,321.9997059736356
"ACT",5432,"ACT","Female",2023,8931,12072,16556,36502,31207,25645,19528,14257,5168,169866,319.7814748095558
"QLD",118070,"QLD","Persons",2019,204843,291060,321696,671412,661936,619730,512644,327811,108634,3719766,317.412439384628
"ACT",5432,"ACT","Male",2023,9404,13024,17227,37092,32021,25637,18318,13104,5346,171173,317.33976736985386
"NSW",165585,"NSW","Persons",2015,286804,406781,445364,970421,970801,911892,720235,391388,142069,5245755,315.6552298000955
"ACT",5432,"ACT","Female",2024,9199,11814,16273,36804,32081,25865,19934,14800,5680,172450,314.9898521310525
"ACT",5432,"ACT","Male",2024,9793,12890,16737,37503,32928,26216,19202,13981,5756,175006,310.3893580791516
"NSW",165585,"NSW","Persons",2016,289463,407985,454833,992130,978408,917622,739051,410034,148421,5337947,310.20352955921066
"QLD",118070,"QLD","Persons",2020,208782,295954,327328,690033,669528,630896,524852,345723,113301,3806397,310.1883487192744
"NSW",165585,"NSW","Persons",2017,291462,411608,464784,1017995,986418,922331,748559,440900,155654,5439711,304.40036244572553
"QLD",118070,"QLD","Persons",2021,214345,300939,330482,703077,671564,643835,539733,364320,120691,3888986,303.60099007813346
"NSW",165585,"NSW","Persons",2018,295847,413587,471416,1040162,993656,924156,761634,466067,162660,5529185,299.4745156835953
"QLD",118070,"QLD","Persons",2022,219995,304327,332279,715044,679067,656132,555429,381091,129774,3973138,297.17064949669503
"NSW",165585,"NSW","Persons",2019,295246,416390,476487,1060671,997503,928063,775230,486952,169633,5606175,295.36181086034594
"NSW",165585,"NSW","Persons",2020,294956,417297,478454,1074097,1000800,931260,781544,497326,172593,5648327,293.15760224222146
"QLD",118070,"QLD","Persons",2023,230357,307447,334709,723108,688228,664414,569434,396682,137345,4051724,291.40681843087043
"NSW",165585,"NSW","Persons",2021,301815,426412,483519,1099633,1010670,939385,803775,526533,184147,5775889,286.6831408983102
"QLD",118070,"QLD","Persons",2024,242566,314415,342560,739343,704121,672847,582472,408417,148211,4154952,284.1669410380673
"NSW",165585,"NSW","Persons",2022,307908,432610,488658,1115792,1026229,955302,830732,569775,233210,5960216,277.81711266839994
"NSW",165585,"NSW","Persons",2023,320366,439886,494966,1126407,1040169,958083,841753,582242,236486,6040358,274.13110282536235
"NSW",165585,"NSW","Persons",2024,333694,452045,509490,1142329,1059429,962664,856372,598177,252026,6166226,268.5354056111469
"VIC",101075,"VIC","Persons",2010,222584,342764,377366,769433,762839,654276,473204,253675,122181,3978322,254.06440202678414
"VIC",101075,"VIC","Persons",2011,222824,348543,387888,772201,775274,668899,493618,261994,129341,4060582,248.91751970530333
"VIC",101075,"VIC","Persons",2012,220040,351984,396698,782056,787243,684165,511596,272699,129244,4135725,244.39487635178838
"VIC",101075,"VIC","Persons",2013,218598,352262,404966,804243,798027,701462,534336,283350,130986,4228230,239.0480177284585
"VIC",101075,"VIC","Persons",2014,217622,355894,410775,824416,805679,715458,550973,296927,132943,4310687,234.47538640592555
"VIC",101075,"VIC","Persons",2015,217127,358834,417418,845931,813317,725789,566483,311096,128614,4384609,230.52226549733396
"VIC",101075,"VIC","Persons",2016,218166,361029,423110,871888,821708,735261,583444,326140,133756,4474502,225.89106005539833
"VIC",101075,"VIC","Persons",2017,217207,364588,426492,897943,830253,744291,591258,352149,141414,4565595,221.38406932721801
"VIC",101075,"VIC","Persons",2018,222725,366174,433636,926179,837363,754403,603666,374510,147108,4665764,216.63118837558008
"VIC",101075,"VIC","Persons",2019,220039,367377,439447,950061,841208,764658,617869,393319,154561,4748539,212.85494338363864
"VIC",101075,"VIC","Persons",2020,197008,364936,443981,970255,847693,775244,630814,413473,164302,4807706,210.23540124957725
"VIC",101075,"VIC","Persons",2021,216731,365357,447786,984567,847784,784459,642837,431769,173853,4895143,206.48017841358262
"VIC",101075,"VIC","Persons",2022,227661,364051,447738,993405,855941,792672,655636,447064,184668,4968836,203.41786285560642
"VIC",101075,"VIC","Persons",2023,243156,374920,457926,1017393,876143,800096,670179,464058,194040,5097911,198.26748642728364
"VIC",101075,"VIC","Persons",2024,255932,392366,476429,1053080,902590,808374,685182,479282,207173,5260408,192.14289081759438
"ACT",5432,"ACT","Persons",2010,17729,28522,31468,58853,53398,46244,31135,13508,6277,287134,189.17996475513172
"ACT",5432,"ACT","Persons",2011,17728,29139,32220,60013,54543,46937,32619,14078,6897,294174,184.65262055790112
"ACT",5432,"ACT","Persons",2012,17468,29646,33106,61807,55707,47668,33965,15063,7411,301841,179.96229803108258
"ACT",5432,"ACT","Persons",2013,16891,29818,33539,63470,56925,48062,35297,15856,7976,307834,176.4587407498847
"ACT",5432,"ACT","Persons",2015,16805,29491,33318,64888,57580,48686,36227,16701,8571,312267,173.95369987862952
"ACT",5432,"ACT","Persons",2014,16651,29601,33498,65149,58748,48803,36337,16831,8626,314244,172.85930678071816
"ACT",5432,"ACT","Persons",2017,16967,28556,33674,70064,59711,49603,37759,20686,7419,324439,167.42746710475623
"ACT",5432,"ACT","Persons",2021,11646,24947,32797,72367,61392,50286,38147,25816,9056,326454,166.39404020168232
"ACT",5432,"ACT","Persons",2020,14798,26071,32701,71723,60671,49567,37870,24519,8575,326495,166.3731450711343
"ACT",5432,"ACT","Persons",2016,17221,27752,33163,70505,60671,50576,38808,21351,8330,328377,165.4196243951312
"ACT",5432,"ACT","Persons",2019,16473,27479,33522,72151,60832,49701,38141,23273,8065,329637,164.78732666539253
"ACT",5432,"ACT","Persons",2018,16624,28476,34411,72295,60732,50075,38178,22037,7746,330574,164.32024297131656
"ACT",5432,"ACT","Persons",2022,17364,25413,33834,72940,61925,50241,37352,25940,9891,334900,162.1976709465512
"ACT",5432,"ACT","Persons",2023,18403,25149,33840,73700,63278,51307,37855,27372,10516,341420,159.1002284576182
"ACT",5432,"ACT","Persons",2024,19066,24762,33079,74422,65074,52110,39147,28791,11441,347892,156.14041139204122
